order_id,customer_name,order_date,amount_usd,quantity,country,status
10001,,03/09/2026,$ 1297.92,1,India,PENDING
10002,james silva,03/08/2026,"$1,361.98",2,U.S.,Shipped
10003,ZOE smith,03/06/2026,733.45,4,AUS,pending
10004,Amelia Rossi,01/10/2026,456.80,two,NEW ZEALAND,cancelled
10005,Yuki Ali,02-09-2026,"$1,601.61",five,uk,Pending
10006,Harper Singh,March 8 2026,1617.84 USD,5,UK,shipped
10007,RUBY novak,02/06/2026,-202.36,6,New Zealand,shipped
10008,WEI WILSON,01/06/2026,1332.52,5,NZ,cancelled
10009,Mohammed Thompson,01/09/2026,free,4,AUS,xyz
10010,Lucia Kim,03-03-2026,$316.24,,australia,delivered
10011,HENRY CHEN,03/11/2026,1756.86,-1,United Kingdom,Shipped
10012,   Isla Martin  ,02/08/2026,$ 1998.49,1.5,Australia,shipped
10013,SAMUEL ROSSI,03/03/2026,1922.79,1.5,nz,shipped
10014,   Leo Brown  ,2026-02-03,221.01,1,nz,DELIVERED
10015,Leo Patel,01/01/2026,201.94,1,AUS,shipped
10016,SOPHIA ali,February 9 2026,1365.99,3,usa,Cancelled
10017,Arjun Nguyen,,1446.14 USD,1,aus,Shipped
10018,Oscar Murphy,01/03/2026,1090.42,,GB,DELIVERED
10019,ISLA TANAKA,01/11/2026,1733.59,5,NZ,shipped
10019,ISLA TANAKA,01/11/2026,1733.59,5,NZ,shipped
10020,   Yuki Khan  ,February 4 2026,1127.56,3,AUSTRALIA,shipped   
10021,WEI SILVA,March 12 2026,822.57,1,Great Britain,Shipped
10021,WEI SILVA,March 12 2026,563.10,1,Great Britain,delivered
10022,hiroshi tanaka,March 11 2026,1326.92,5,AUS,shipped
10023,Hiroshi Nguyen,March 11 2026,28.80,5,Great Britain,CANCELLED
10024,DANIEL ALI,03/11/2026,1535.96,3,australia,Shipped
10025,ETHAN LARSEN,02-02-2026,1115.63,two,NZ,DELIVERED
10026,Ella Anderson,02/12/2026,"$1,317.53",4,usa,shipped
10027,RUBY ANDERSON,January 6 2026,$540.25,4.0,aus,DELIVERED
10028,   Mohammed Anderson  ,01/11/2026,1536.64,4,IN,PENDING
10029,Arjun Kim,,835.10,4,NEW ZEALAND,delivered
10030,Ella Khan,01/09/2026,"$1,540.19",one,AUS,cancelled
10031,ella kelly,March 4 2026,1976.91,4,uk,shipped
10032,Lucia Nguyen,2026-02-30,1029.46,6,U.S.,SHIPPED
10033,Priya Ali,February 6 2026,370.51,5,,SHIPPED
10034,Amelia Wilson,2026-03-04,1585.45,3,NZ,delivered
10035,emma rossi,March 1 2026,567.93,0,india,shipped
10036,OLIVIA WHITE,01-09-2026,734.67,5,AUSTRALIA,delivered
10037,OLIVIA TAYLOR,03/04/2026,"$1,739.49",1.0,usa,delivered
10038,CARLOS LARSEN,not known,968.80,2,UK,shipped
10039,   Mei Thompson  ,2026-01-08,1046.82,3,nz,delivered
10040,,13/45/2026,TBC,1,New Zealand,SHIPPED
10041,   Olivia Brown  ,02/02/2026,344.67,3,aus,SHIPPED
10042,Chloe Thompson,01/09/2026,$ 1723.76,3,US,Delivered
10043,lucia rossi,01/05/2026,489.66,-3,AU,pending
10044,Yuki Rossi,2026-01-02,"$1,612.34",4,United States,SHIPPED
10045,Ella Ali,01/06/2026,,-3,United States,CANCELLED
10046,   Grace Smith  ,02/10/2026,1296.24,4,IN,shipped
10047,CHLOE JONES,2026-01-07,$777.82,1,United States,Delivered
10048,AMELIA MURPHY,01/08/2026,-1742.44,2,GB,shipped
10048,AMELIA MURPHY,01/08/2026,-1742.44,2,GB,shipped
10049,OLIVIA LOPEZ,02/04/2026,240.01,,IN,delivered
10050,ETHAN MURPHY,,1909.46 USD,,usa,shipped
10051,Sophia Brown,01-06-2026,$ 893.25,1,nz,cancelled
10052,Ella Smith,01-04-2026,1977.96,3.0,uk,PENDING
10053,SAMUEL THOMPSON,,701.79,4,AUSTRALIA,delivered
10054,   Zoe Kelly  ,01/10/2026,1032.54,5,AUS,delivered
10055,Mohammed Wang,02/07/2026,$ 1249.40,,NEW ZEALAND,??
10055,Mohammed Wang,02/07/2026,$ 1249.40,,NEW ZEALAND,??
10056,   Daniel Nguyen  ,02-01-2026,"$1,095.24",one,Australia,SHIPPED
10057,Arjun Ali,2026-01-08,1258.41,0,uk,xyz
10058,fatima murphy,01-02-2026,TBC,4,U.S.,cancelled
10059,wei taylor,01/03/2026,1208.99,3,australia,Pending
10060,zoe johnson,03/10/2026,1052.27 USD,5,U.S.,Shipped
10061,Sophia Cohen,March 4 2026,13.85,2,United Kingdom,shipped
10062,CARLOS kim,February 10 2026,$761.04,1,nz,shipped
10063,Arjun Patel,TBD,$607.06,6,australia,shipped
10064,Jack Brown,not known,241.93,1,INDIA,pending   
10065,CARLOS NGUYEN,2026-01-07,$ 630.15,3,UK,cancelled
10066,William Rossi,2026-01-07,$391.47,6,USA,Delivered
10067,JAMES WALKER,2026-03-11,194.5,5,AU,SHIPPED
10068,LEO ali,01/07/2026,510.24,6,U.S.,SHIPPED
10069,Oscar Kelly,02-08-2026,1273.93,0,india,SHIPPED
10069,Oscar Kelly,02-08-2026,962.28,0,india,delivered
10070,   Zoe Wilson  ,2026-03-01,"$1,852.67",3,NEW ZEALAND,shipped
10071,Arjun Tanaka,03/10/2026,445.57,3,nz,delivered
10072,Olivia Patel,02/11/2026,$ 114.10,5,aus,SHIPPED
10073,Grace Singh,2026-03-01,251.30,6,india,Delivered
10074,Fatima Nguyen,01/07/2026,758.05,3,INDIA,delivered
10075,RUBY taylor,01/08/2026,359.86 USD,6,New Zealand,Cancelled
10076,Noah Murphy,02/09/2026,"$1,027.07",six,AUS,shipped
10077,THOMAS LARSEN,01/10/2026,1860.97,4.0,,Cancelled
10078,Mei Thompson,,25.15,,australia,shipped
10079,Emma Nguyen,2026-03-03,$990.57,2,AUSTRALIA,Delivered
10080,Zoe Thompson,January 6 2026,,0,AU,shipped
10081,HARPER brown,02/06/2026,$364.79,five,AUS,shipped
10082,Lucas Nguyen,2026-03-09,144.41 USD,two,australia,shipped
10083,Harper Larsen,January 11 2026,$ 811.20,3,australia,DELIVERED
10084,Lucia Nguyen,02/09/2026,1452.48,2.0,AU,delivered
10085,Olivia Ali,03/03/2026,$39.52,6,india,cancelled
10086,MEI JONES,02/01/2026,1755.28,6,AU,CANCELLED
10087,Isla Thompson,03/06/2026,1778.50 USD,4,Great Britain,shipped   
10087,Isla Thompson,03/06/2026,1778.50 USD,4,Great Britain,shipped   
10088,William Nguyen,2026-03-06,$ 809.07,4,AU,shipped
10089,PRIYA cohen,02/01/2026,140.80,6,U.S.A.,SHIPPED
10090,   Chloe Lopez  ,02/02/2026,$ 841.30,5,United States,DELIVERED
10091,Isla Walker,2026-01-03,$226.43,2.0,australia,CANCELLED
10092,GRACE WANG,2026-02-12,1276.77,2,U.S.,unknown
10093,THOMAS KHAN,01/06/2026,$616.80,2,AUSTRALIA,shipped
10094,Carlos Thompson,2026-02-01,559.07,2.5,United States,shipped
10094,Carlos Thompson,2026-02-01,290.99,2.5,United States,cancelled
10095,   Fatima Martin  ,03/04/2026,$464.27,five,USA,Pending
10096,LIAM novak,01/08/2026,$365.30,3,U.S.,shipped
10097,MOHAMMED kelly,02/09/2026,$125.66,,USA,SHIPPED
10098,SOPHIA SMITH,2026-01-10,1040.08 USD,4,usa,shipped
10099,amelia martin,02/03/2026,1978.53,five,aus,Delivered
10100,Grace Brown,February 12 2026,954.35,4,U.S.,shipped
10101,Jack Lopez,2026-02-03,TBC,5,United States,PENDING
10102,Sophia Taylor,03/05/2026,1489.36,4,AUS,DELIVERED
10103,Harper Kim,March 4 2026,$ 944.40,4,,shipped
10104,Mei Garcia,02/07/2026,$75.06,,USA,SHIPPED
10105,SOPHIA SMITH,,1606.59,-1,NEW ZEALAND,SHIPPED
10106,EMMA BROWN,03/12/2026,"$1,918.88",3,UK,cancelled
10107,Lucas Walker,02/10/2026,1715.23,1,nz,DELIVERED
10108,Zoe Taylor,01/08/2026,1256.12,2,GB,Delivered
10109,Ruby Garcia,03/01/2026,1468.07,-1,usa,PENDING
10110,Grace Martin,January 11 2026,$ 694.97,1,AUSTRALIA,DELIVERED
10111,Ava Larsen,February 4 2026,1389.72,4,AUS,delivered
10112,amelia patel,01/04/2026,1306.01,six,AUSTRALIA,cancelled
10113,YUKI murphy,01-09-2026,-130.40,2.5,IN,shipped
10114,daniel silva,,$680.56,6,india,Pending
10115,leo kim,03/10/2026,1924.38,6,AUS,delivered
10116,Mohammed Chen,01-09-2026,"$1,096.95",4,US,shipped   
10117,HENRY WILSON,00/00/0000,1137.91 USD,4,AUS,shipped
10118,AVA SMITH,01/07/2026,1169.00,5,AUSTRALIA,Delivered
10119,Sophia Brown,02-10-2026,424.38,6,US,SHIPPED
10120,JACK MURPHY,March 8 2026,962.60,,AU,Delivered
10121,SOPHIA WHITE,01/04/2026,680.20,1,INDIA,DELIVERED
10122,hiroshi thompson,,948.04,2,U.S.,cancelled
10123,   Chloe Walker  ,03/10/2026,"$1,841.82",2,USA,Shipped
10123,   Chloe Walker  ,03/10/2026,1023.66,2,USA,cancelled
10124,Olivia Cohen,March 1 2026,$911.70,-1,NZ,SHIPPED
10125,Liam Wang,,350.58,2,U.S.,SHIPPED
10126,PRIYA JOHNSON,February 5 2026,1123.12,2,NZ,shipped
10127,SAMUEL WILLIAMS,2026-02-01,1519.26,2,GB,shipped
10128,PRIYA KELLY,01/11/2026,$ 1610.69,5,aus,Delivered
10129,LIAM kelly,March 8 2026,$392.46,5,AU,shipped   
10130,GRACE BROWN,January 5 2026,1390.28,one,usa,delivered
10131,YUKI SINGH,03/06/2026,1325.40,2,IN,shipped
10132,ETHAN JONES,03/02/2026,455.34,1,USA,delivered
10133,Chloe Chen,02-09-2026,free,1,usa,DELIVERED
10134,ELLA JOHNSON,February 6 2026,540.71 USD,4,AUSTRALIA,Shipped
10135,ZOE martin,02/02/2026,"$1,121.96",1,AUS,DELIVERED
10136,Daniel Chen,2026-01-08,1009.03,3,AU,cancelled
10137,Lucas Walker,February 11 2026,652.11 USD,six,US,Shipped
10137,Lucas Walker,February 11 2026,652.11 USD,six,US,Shipped
10138,LUCIA nguyen,2026-02-30,1316.5,1.5,INDIA,delivered
10139,Grace Rossi,2026-03-08,"$1,136.41",four,australia,Shipped
10140,Ella Taylor,02/10/2026,697.47,3,india,SHIPPED
10141,Samuel Larsen,February 6 2026,TBC,1,Great Britain,pending
10142,William Thompson,2026-01-11,277.79,4,GB,shipped
10143,leo khan,February 3 2026,$274.68,6,AUS,SHIPPED
10144,CARLOS WILSON,January 7 2026,1797.08,2,USA,pending
10145,Priya Silva,January 5 2026,$962.17,4,USA,unknown
10146,Ava Jones,2026-03-02,35.47,1,aus,CANCELLED
10147,Fatima Taylor,03/12/2026,$983.17,6,India,Shipped
10148,Henry Nguyen,2026-02-07,"$1,618.74",1,Australia,shipped
10149,oscar khan,,$272.31,one,USA,delivered
10150,Ella Brown,01/05/2026,N/A,6,usa,PENDING
10150,Ella Brown,01/05/2026,N/A,6,usa,PENDING
10151,jack tanaka,02/02/2026,84.24,1,AUS,shipped
10152,William Smith,03/04/2026,1791.93,-3,United States,pending
10153,ava murphy,January 7 2026,-1024.36,-1,AU,delivered
10154,ELLA martin,02/06/2026,703.03,0,INDIA,PENDING
10155,Noah Cohen,03-02-2026,"$1,187.21",,AUS,pending
10156,olivia walker,03/04/2026,683.15,6.0,AU,DELIVERED
10157,LIAM MURPHY,02/07/2026,,3,Australia,DELIVERED
10158,Oscar Jones,February 1 2026,"$1,515.30",one,uk,DELIVERED
10159,Jack White,00/00/0000,"$1,659.22",5,Australia,PENDING
10160,Ruby Kelly,02/01/2026,$ 1266.06,1,USA,delivered
10161,wei novak,03/07/2026,1334.30 USD,6,usa,delivered
10162,PRIYA SILVA,02/06/2026,1594.05,6,australia,shipped
10163,LIAM CHEN,February 8 2026,$399.66,1.5,AUSTRALIA,Pending
10163,LIAM CHEN,February 8 2026,$399.66,1.5,AUSTRALIA,Pending
10164,Arjun Brown,January 3 2026,1760.71,five,GB,Delivered
10165,Mohammed Wang,13/45/2026,$ 1930.28,6,,shipped
10165,Mohammed Wang,13/45/2026,$ 1930.28,6,,shipped
10166,AVA KELLY,02/01/2026,$ 453.35,6,Great Britain,Delivered
10167,,2026-02-06,1586.65,3,US,pending
10168,Noah Johnson,01/08/2026,"$1,078.27",6.0,US,pending
10168,Noah Johnson,01/08/2026,740.95,6.0,US,delivered
10169,amelia anderson,01/10/2026,$672.12,five,India,shipped   
10170,jack singh,2026-02-06,"$1,839.47",2.0,aus,Delivered
10171,Mohammed Wilson,01/06/2026,$ 655.75,three,U.S.,Shipped
10171,Mohammed Wilson,01/06/2026,$ 655.75,three,U.S.,Shipped
10172,PRIYA MURPHY,01/08/2026,1821.41,1,australia,shipped
10173,Zoe Brown,February 4 2026,$ 1290.26,three,usa,SHIPPED
10173,Zoe Brown,February 4 2026,$ 1290.26,three,usa,SHIPPED
10174,James Anderson,March 3 2026,"$1,805.81",,United States,SHIPPED
10175,Emma Anderson,02-05-2026,597.50,6,INDIA,Shipped
10176,Priya Johnson,01/03/2026,687.36 USD,3,AUS,SHIPPED
10177,MOHAMMED tanaka,2026-02-10,1261.90,1,GB,SHIPPED
10178,sophia tanaka,03/07/2026,1980.59,3,india,Delivered
10179,HARPER kim,02/02/2026,90.9,6,USA,delivered
10180,WILLIAM NGUYEN,2026-01-08,$ 1049.15,3,,SHIPPED
10181,Leo Novak,03/07/2026,"$1,487.23",6,aus,PENDING
10182,Sophia Garcia,2026-01-04,"$1,479.39",2,U.S.A.,shipped
10183,LIAM JOHNSON,03/07/2026,$536.22,6,US,shipped
10184,Sophia Brown,01/02/2026,"$1,004.82",1,NZ,DELIVERED
10185,Grace Martin,March 3 2026,1757.41,1,Australia,PENDING
10186,Ethan Kim,01/07/2026,358.67,1,australia,DELIVERED
10187,Emma Wang,01/08/2026,458.37,4,AUSTRALIA,delivered   
10188,mia kelly,January 12 2026,1979.46,2.0,AUS,CANCELLED
10189,sophia khan,02/11/2026,1930.53,2,U.S.,shipped
10190,LUCAS WANG,2026-01-08,957.09 USD,1.5,U.S.A.,PENDING
10191,priya taylor,01/10/2026,$88.61,2,AU,shipped
10192,Olivia Wang,February 2 2026,1875.66,3,india,CANCELLED
10193,ava chen,March 5 2026,TBC,3,india,delivered
10194,SOPHIA BROWN,2026-02-01,-1284.99,4.0,australia,shipped
10195,NOAH PATEL,02/08/2026,"$1,949.21",2,AU,1
10196,JAMES SILVA,02/03/2026,-1697.38,one,india,shipped
10197,MIA larsen,02/11/2026,1458.64,2,india,cancelled
10198,zoe taylor,January 8 2026,1707.80,6,india,cancelled
10199,Oscar Martin,02/09/2026,"$1,123.62",1.0,AUS,Shipped
10200,ISLA KIM,02/12/2026,$451.89,1.0,AUSTRALIA,SHIPPED
10201,olivia williams,03/04/2026,782.17,2,USA,PENDING
10201,olivia williams,03/04/2026,782.17,2,USA,PENDING
10202,   Henry Kelly  ,2026-03-07,"$1,590.60",0,aus,shipped
10203,Jack Lopez,02/11/2026,,4,IN,shipped
10204,leo cohen,March 9 2026,1251.66,six,IN,pending
10205,ELLA KHAN,February 12 2026,$950.83,4,United Kingdom,delivered
10206,yuki johnson,03/08/2026,1933.52,4,AUS,Delivered
10207,JAMES MURPHY,02/04/2026,1694.31,2.0,U.S.,shipped
10208,Priya Nguyen,February 9 2026,1307.39,5,US,delivered
10209,Lucas Silva,,1718.02,2,GB,CANCELLED
10210,Ava Silva,January 4 2026,941.32,5,United States,pending
10211,Mohammed Wang,,$ 1813.04,6,india,SHIPPED
10212,HARPER WHITE,03/09/2026,530.01,2.0,US,Shipped
10213,Harper Garcia,February 1 2026,$ 387.11,-1,uk,delivered
10214,MIA TANAKA,02/11/2026,"$1,270.34",3,UK,Shipped
10215,william walker,February 7 2026,"$1,030.42",2,US,Delivered
10216,THOMAS NOVAK,01/12/2026,1904.85,4,AUSTRALIA,SHIPPED
10217,lucia patel,February 12 2026,"$1,342.07",6,AU,shipped
10218,samuel johnson,03/07/2026,$607.87,6,nz,delivered
10219,HARPER ALI,2026-01-03,"$1,884.36",4,australia,Shipped
10220,HARPER SINGH,03/06/2026,250.46 USD,1,U.S.A.,delivered   
10221,SAMUEL MURPHY,01/06/2026,62.38 USD,-3,US,Pending
10222,Wei Anderson,03/10/2026,1835.05 USD,2,nz,??
10223,Wei Patel,03/08/2026,,5,U.S.A.,DELIVERED
10224,CARLOS CHEN,02/09/2026,898.10,-1,Great Britain,shipped
10225,AVA LOPEZ,January 12 2026,-367.11,5,USA,shipped
10226,Emma Jones,February 7 2026,N/A,six,AUS,pending
10227,Carlos Silva,02-01-2026,948.18 USD,1,US,DELIVERED
10228,   Yuki Larsen  ,01-02-2026,$396.06,1.0,aus,cancelled   
10229,Lucia Thompson,03/05/2026,232.46,one,India,shipped
10230,Priya Smith,2026-03-08,"$1,977.25",4,Australia,shipped
10230,Priya Smith,2026-03-08,998.58,4,Australia,pending
10231,,01-01-2026,,2,usa,DELIVERED
10232,CHLOE SINGH,2026-03-09,1284.70 USD,3,Australia,shipped
10233,ARJUN WILLIAMS,2026-02-11,113.19,two,United States,shipped
10234,WEI JOHNSON,March 1 2026,"$1,882.45",2,U.S.A.,delivered
10235,ella jones,02/10/2026,"$1,862.39",3,INDIA,delivered
10235,ella jones,02/10/2026,"$1,862.39",3,INDIA,delivered
10236,Harper Ali,02/05/2026,1474.30,1,NEW ZEALAND,DELIVERED
10237,,01/04/2026,"$1,086.80",4,IN,cancelled
10238,EMMA THOMPSON,2026-01-01,abc,3.0,AU,shipped
10239,ISLA WILLIAMS,01/01/2026,1063.30,6,nz,shipped
10240,Liam Brown,2026-03-08,1088.62,,U.S.,SHIPPED
10241,ELLA kelly,03-10-2026,"$1,023.12",four,IN,delivered
10242,olivia jones,02/10/2026,$293.77,3,U.S.A.,xyz
10243,CHLOE CHEN,01/01/2026,$370.02,6,uk,shipped   
10244,THOMAS KELLY,01/07/2026,42.86,1,australia,DELIVERED
10245,amelia johnson,03/10/2026,$ 597.07,3,NZ,Shipped
10246,yuki ali,03/11/2026,218.49,1,GB,delivered
10246,yuki ali,03/11/2026,165.47,1,GB,shipped
10247,Isla Larsen,01/06/2026,$279.30,6,AUS,Pending
10248,Wei Smith,02/05/2026,1944.37,two,AUSTRALIA,shipped
10249,LUCIA GARCIA,2026-02-11,$487.24,5,GB,Shipped
10250,WILLIAM anderson,03/09/2026,1782.42,4,uk,Shipped
10251,Daniel Jones,2026-01-02,$382.81,5,NEW ZEALAND,shipped
10252,lucia ali,03/02/2026,691.03 USD,2,AUS,shipped   
10253,lucia taylor,01/09/2026,$ 1757.74,3,AUSTRALIA,delivered
10254,emma murphy,2026-02-11,"$1,434.44",2,Australia,pending
10255,Chloe White,March 9 2026,$ 648.98,6,UK,delivered
10256,harper lopez,2026-03-12,552.02,6,US,pending
10257,ruby rossi,03/07/2026,"$1,147.97",6,United States,shipped
10258,,January 4 2026,$ 1261.04,1,india,delivered
10259,Sophia Nguyen,February 1 2026,-1540.38,4,United Kingdom,shipped
10260,Mia Anderson,March 12 2026,274.26,4,nz,delivered
10261,SOPHIA LOPEZ,01/06/2026,1890.56,three,United States,shipped
10261,SOPHIA LOPEZ,01/06/2026,1890.56,three,United States,shipped
10262,Isla Chen,01/08/2026,-1320.33,3,IN,delivered
10263,JACK KELLY,March 2 2026,861.53,2.0,USA,SHIPPED
10264,   Arjun Martin  ,01/08/2026,1458.79,3,australia,shipped
10265,Jack Taylor,03/02/2026,120.92 USD,6,uk,cancelled
10266,OLIVIA SMITH,01/05/2026,,six,U.S.A.,DELIVERED
10267,AVA GARCIA,02/04/2026,$358.43,2.0,NEW ZEALAND,SHIPPED
10268,William Murphy,03/08/2026,$ 54.06,6,Australia,delivered
10269,Harper Wilson,01/03/2026,810.46,3.0,australia,shipped
10269,Harper Wilson,01/03/2026,810.46,3.0,australia,shipped
10270,MEI TANAKA,2026-03-10,"$1,497.01",3,AUSTRALIA,shipped
10271,Sophia Singh,01-10-2026,793.01,4,India,Delivered
10272,zoe garcia,2026-03-10,1081.28,1,INDIA,shipped
10273,Carlos Williams,01/10/2026,1359.08,6,AUS,shipped
10274,RUBY NGUYEN,01/10/2026,936.91,0,uk,SHIPPED
10275,emma rossi,02-04-2026,"$1,644.27",6,United States,delivered
10276,WILLIAM PATEL,02/11/2026,1438.74,6.0,India,shipped
10277,ella murphy,,free,1.5,,CANCELLED
10278,EMMA WILSON,01/05/2026,abc,3,AU,delivered
10279,Ava Chen,02/03/2026,,,Australia,Shipped
10280,Oscar Nguyen,2026-02-01,$ 1751.79,6,AU,delivered
10281,sophia chen,,846.58,6,U.S.,pending
10282,HENRY CHEN,02/02/2026,"$1,944.02",3,U.S.A.,PENDING
10283,yuki smith,01/04/2026,"$1,487.46",five,aus,PENDING
10284,ARJUN kim,03-03-2026,"$1,394.32",five,UK,xyz
10285,liam johnson,March 2 2026,"$1,797.43",5,,shipped   
10286,EMMA wang,,463.74,4,New Zealand,shipped
10287,AMELIA WALKER,01/03/2026,1720.17,,NZ,delivered
10288,OLIVIA singh,02/07/2026,1394.46,,AUS,delivered
10289,JAMES wilson,January 12 2026,830.07 USD,2,Australia,delivered
10290,chloe taylor,January 6 2026,$ 1723.92,5,AU,SHIPPED
10291,Carlos White,01/06/2026,1656.64,3,AUS,SHIPPED
10291,Carlos White,01/06/2026,1656.64,3,AUS,SHIPPED
10292,,01/06/2026,$ 175.94,4,IN,PENDING
10293,THOMAS BROWN,February 4 2026,$ 1265.80,2,nz,SHIPPED
10294,Grace Chen,01/12/2026,1687.98,1,US,delivered
10295,Hiroshi Rossi,03/12/2026,"$1,606.93",6,AUSTRALIA,shipped
10296,Jack Patel,01/11/2026,1765.03,,GB,SHIPPED
10297,Wei Murphy,March 10 2026,$39.21,0,india,shipped
10298,Mia Silva,01/06/2026,1385.19,5,usa,SHIPPED
10299,Thomas Cohen,01/03/2026,$ 975.34,2,AUSTRALIA,delivered
10300,GRACE cohen,01/11/2026,"$1,359.52",1,australia,shipped
10301,leo brown,02/06/2026,836.05,6,australia,delivered
10301,leo brown,02/06/2026,598.09,6,australia,shipped
10302,WILLIAM rossi,03/09/2026,"$1,231.46",6,US,shipped
10303,LIAM williams,02/07/2026,-1412.78,four,AUS,Delivered
10304,ISLA JOHNSON,03-02-2026,1880.51,1,usa,cancelled
10305,Liam Singh,January 9 2026,"$1,409.89",6,aus,shipped
10306,Zoe Garcia,01/09/2026,"$1,088.66",4,AUSTRALIA,shipped
10307,OSCAR WANG,02/05/2026,$ 1666.55,1,,pending
10308,Ethan Thompson,March 3 2026,1139.61,1,US,CANCELLED
10309,Carlos Novak,2026-02-02,141.21 USD,5,United Kingdom,xyz
10310,daniel singh,01-11-2026,$567.07,-1,aus,delivered
10311,,01/03/2026,1791.86,2,australia,PENDING
10312,Fatima Williams,02-04-2026,1462.96 USD,5,UK,SHIPPED
10313,,January 2 2026,724.19,1.0,usa,shipped   
10314,JAMES ANDERSON,02/10/2026,855.22,5,australia,xyz
10315,   William Jones  ,March 10 2026,1045.60,3,IN,delivered   
10316,EMMA THOMPSON,00/00/0000,1816.66,5,Great Britain,shipped
10317,Zoe Anderson,02/11/2026,312.42,4,uk,Pending
10318,AVA NOVAK,,"$1,138.71",4.0,Australia,shipped
10319,Wei Brown,01/07/2026,"$1,691.68",three,GB,delivered   
10320,FATIMA TANAKA,February 1 2026,420.3,5.0,US,cancelled
10321,Fatima Johnson,2026-03-11,195.21,6,United Kingdom,shipped
10322,   Fatima Tanaka  ,03/01/2026,469.66,2,New Zealand,Delivered
10323,Noah Wilson,January 5 2026,$966.77,two,INDIA,SHIPPED
10324,CARLOS BROWN,February 12 2026,427.04,4,usa,pending
10325,LUCAS COHEN,02/03/2026,"$1,472.77",5,U.S.A.,shipped   
10326,WEI BROWN,03/03/2026,"$1,698.12",6,UK,shipped
10327,Daniel Novak,2026-02-01,1959.27,6,AU,DELIVERED
10328,chloe williams,,1279.81,3,U.S.,shipped
10329,Ella Novak,2026-01-01,1561.93,six,USA,cancelled
10330,Hiroshi Jones,02/02/2026,$207.82,6,Australia,delivered
10331,Amelia Khan,03/07/2026,1898.85,4,india,shipped
10332,Jack Singh,TBD,625.35,2,GB,DELIVERED
10333,WEI NGUYEN,2026-03-06,$913.62,2,United States,Shipped
10334,EMMA tanaka,01/01/2026,680.68,3,aus,Cancelled
10335,carlos smith,01/09/2026,1205.45,,AUSTRALIA,shipped
10336,Lucas Williams,01/09/2026,$ 602.84,6.0,usa,delivered
10337,Harper Tanaka,01/06/2026,"$1,086.12",3,AUSTRALIA,cancelled   
10338,SAMUEL JONES,,1693.90 USD,6,GB,PENDING
10339,MEI THOMPSON,03/03/2026,1649.03,6,IN,pending
10339,MEI THOMPSON,03/03/2026,1649.03,6,IN,pending
10340,wei wilson,02/01/2026,$138.23,5,INDIA,Shipped
10341,carlos larsen,03/10/2026,N/A,3.0,USA,SHIPPED
10342,JACK THOMPSON,02/11/2026,1268.59 USD,1,AUSTRALIA,delivered
10343,Lucia Johnson,02/11/2026,$ 286.15,4,AUSTRALIA,SHIPPED
10344,WILLIAM COHEN,01/06/2026,TBC,4,United States,unknown
10345,Leo Silva,03/01/2026,1804.13,,AU,delivered
10346,Chloe Brown,02/07/2026,1052.46,-3,Great Britain,Delivered
10347,ETHAN silva,02/07/2026,"$1,845.62",3.0,AUS,shipped
10348,Yuki Williams,02/09/2026,1083.63,3,NEW ZEALAND,SHIPPED
10349,NOAH PATEL,03/06/2026,1940.65,3,UK,Delivered
10350,JAMES rossi,2026-02-12,-1742.16,4,UK,delivered
10351,MIA chen,03-11-2026,1894.64,5.0,india,shipped
10352,Zoe Anderson,03/01/2026,479.50,2,AU,shipped
10353,   Mia Khan  ,00/00/0000,343.84,3,U.S.A.,SHIPPED
10354,Hiroshi White,02/10/2026,"$1,613.38",1,Australia,shipped
10355,MEI PATEL,March 9 2026,"$1,550.13",1,NZ,delivered
10356,zoe williams,02/12/2026,free,-1,australia,shipped
10357,SAMUEL patel,01/06/2026,767.81,6,nz,SHIPPED
10358,,02/11/2026,"$1,173.91",1,Australia,cancelled
10358,,02/11/2026,853.54,1,Australia,pending
10359,AVA BROWN,03/02/2026,769.02,3,AU,delivered
10360,james nguyen,03-03-2026,TBC,6.0,GB,PENDING
10361,Chloe Ali,January 6 2026,N/A,two,,CANCELLED
10362,Mei Johnson,02/01/2026,$767.48,2.5,australia,shipped
10363,Hiroshi Tanaka,03/09/2026,,5,AU,DELIVERED
10364,olivia williams,00/00/0000,370.80,6,USA,Delivered
10365,thomas walker,2026-02-08,1674.94 USD,1,U.S.A.,??
10366,Leo Wang,2026-01-12,$223.21,0,uk,DELIVERED
10367,ELLA WALKER,02/06/2026,1070.51,4,NEW ZEALAND,shipped
10368,Ruby Cohen,February 4 2026,1006.10,6,UK,delivered   
10369,mia tanaka,01/05/2026,105.16 USD,5,australia,xyz
10369,mia tanaka,01/05/2026,88.31,5,australia,shipped
10370,DANIEL COHEN,02/09/2026,1827.07,5,AUSTRALIA,cancelled
10371,ETHAN KHAN,01/10/2026,"$1,490.63",,Australia,xyz
10372,Hiroshi Larsen,02/09/2026,451.85,6,Australia,shipped
10373,MOHAMMED KIM,2026-02-07,1320.89 USD,6,U.S.A.,shipped
10374,Lucas Tanaka,03/02/2026,,0,United States,delivered
10375,oscar johnson,02/06/2026,701.05,6,Australia,pending
10376,NOAH THOMPSON,03/01/2026,$ 1919.91,5,IN,Shipped
10377,MEI lopez,01/07/2026,"$1,670.04",1.0,,shipped
10378,ETHAN TAYLOR,02/01/2026,371.46,4,nz,shipped
10379,Amelia Garcia,13/45/2026,1742.57 USD,3,NZ,Delivered
10380,THOMAS MURPHY,2026-01-07,32.46 USD,3.0,nz,Delivered
10381,LEO SILVA,01-06-2026,1253.58,5,U.S.,shipped
10382,Amelia Johnson,March 12 2026,779.08 USD,2,australia,pending
10383,harper anderson,02/11/2026,223.77,3,usa,Delivered
10384,Ethan Garcia,03/01/2026,1860.64,six,U.S.,DELIVERED
10385,arjun wang,March 5 2026,$ 85.51,1,U.S.A.,delivered
10386,MEI garcia,01/08/2026,686.42,6,India,shipped
10387,JACK COHEN,02/04/2026,569.21,2,GB,shipped
10388,WILLIAM ALI,03/07/2026,-128.44,5,US,pending
10389,LIAM TAYLOR,03-07-2026,591.24,1,nz,DELIVERED
10390,Sophia Rossi,03/12/2026,490.02,6,usa,delivered
10391,Jack Nguyen,03/08/2026,abc,3,aus,Delivered
10392,Jack Jones,2026-02-07,535.75,2,NEW ZEALAND,Shipped
10393,Mei Larsen,March 10 2026,$ 1100.06,2,usa,Shipped
10394,ELLA thompson,2026-03-05,566.68,4,United Kingdom,delivered
10395,HARPER BROWN,01-12-2026,1092.98,1,IN,SHIPPED
10396,ethan patel,2026-01-06,1208.64,4,aus,unknown
10397,   Liam Johnson  ,2026-01-09,$958.90,6,U.S.,shipped
10398,MOHAMMED SINGH,2026-03-05,1803.80,two,nz,shipped
10399,AMELIA taylor,01/02/2026,"$1,648.55",6,NEW ZEALAND,Delivered
10400,JACK WILSON,02-05-2026,97.24,1,GB,Pending
10401,Fatima White,02/11/2026,"$1,467.74",4.0,AUSTRALIA,shipped
10402,mohammed chen,01/11/2026,387.53,-1,USA,SHIPPED
10403,OLIVIA WILSON,02/05/2026,$693.71,,india,DELIVERED
10404,FATIMA PATEL,2026-02-05,"$1,086.74",4,INDIA,shipped
10405,YUKI TANAKA,January 4 2026,,5,NZ,shipped
10406,Henry Jones,February 5 2026,"$1,925.64",6,U.S.A.,shipped
10407,Ruby Lopez,March 12 2026,"$1,717.66",4,Australia,shipped   
10408,mia novak,00/00/0000,1259.48,-1,US,shipped
10409,Ava Anderson,02/12/2026,$ 245.06,2,GB,cancelled
10410,Lucia Khan,January 3 2026,$ 1498.77,1,australia,shipped
10411,Fatima Anderson,02/05/2026,1772.04,3,nz,shipped
10412,LIAM PATEL,,64.37,-3,india,PENDING
10413,,00/00/0000,1363.97,-1,GB,DELIVERED
10413,,00/00/0000,1363.97,-1,GB,DELIVERED
10414,WILLIAM MARTIN,02/08/2026,"$1,460.13",1.0,nz,shipped
10415,Ruby Nguyen,02-02-2026,$696.58,6,USA,cancelled   
10416,   Grace Brown  ,03/09/2026,699.38,two,United States,shipped
10417,Zoe Wang,01/11/2026,"$1,402.73",5,aus,shipped
10418,,01-03-2026,468.45,3,aus,delivered
10419,Olivia Martin,02/03/2026,1271.82,3,india,SHIPPED
10420,Thomas Taylor,01/08/2026,816.58,1,NEW ZEALAND,shipped
10421,   Oscar Singh  ,01/10/2026,127.46,3,U.S.,CANCELLED
10422,THOMAS COHEN,02/11/2026,"$1,370.03",three,United Kingdom,delivered
10423,SAMUEL MURPHY,02/07/2026,163.14,,U.S.,delivered
10424,ELLA KIM,January 2 2026,218.86 USD,2,U.S.A.,delivered
10425,   James Cohen  ,03/10/2026,"$1,984.09",-3,AUSTRALIA,unknown
10426,daniel singh,January 1 2026,$ 1345.17,4,AUS,delivered
10427,Lucas Nguyen,01/01/2026,$695.67,1.5,NEW ZEALAND,shipped
10428,Liam Khan,01/10/2026,617.90,five,U.S.,delivered
10429,FATIMA LARSEN,,1333.77 USD,5,IN,Shipped
10430,isla kelly,01-12-2026,1502.11,6,AUS,Pending
10431,LUCIA GARCIA,03/01/2026,941.91,5,australia,Pending
10432,Sophia Murphy,03/03/2026,1277.39,3,aus,PENDING
10433,ZOE LARSEN,01/05/2026,1265.75,5,usa,shipped
10434,Liam Jones,02/09/2026,$812.01,1,india,shipped
10434,Liam Jones,02/09/2026,$812.01,1,india,shipped
10435,ELLA LOPEZ,03/11/2026,"$1,490.01",4,,Delivered
10436,OSCAR murphy,01/10/2026,384.61,4,australia,pending
10437,Oscar Williams,,$ 857.40,3,Australia,PENDING
10438,YUKI singh,03/08/2026,abc,five,Australia,Delivered
10438,YUKI singh,03/08/2026,abc,five,Australia,Delivered
10439,AMELIA WILSON,02/01/2026,-88.05,1,New Zealand,delivered
10440,LIAM martin,01/02/2026,856.15,two,india,delivered
10441,,03/08/2026,"$1,416.51",5,United Kingdom,Delivered
10442,,2026-01-12,1668.31,1,United Kingdom,delivered
10443,Zoe Rossi,January 5 2026,$11.87,,aus,delivered
10443,Zoe Rossi,January 5 2026,$11.87,,aus,delivered
10444,Lucas Ali,02/02/2026,1125.48,3,U.S.A.,delivered
10445,harper johnson,02/12/2026,314.04 USD,six,New Zealand,Pending
10446,Ethan Ali,03/10/2026,118.52,1,uk,delivered
10447,Liam Anderson,February 3 2026,"$1,041.39",1,U.S.A.,delivered
10448,William Novak,February 10 2026,1276.02 USD,3,Australia,delivered
10449,CHLOE ROSSI,01/04/2026,$ 1274.49,5,IN,SHIPPED
10450,sophia chen,January 4 2026,1622.74,3,aus,Cancelled
10451,,02-03-2026,97.81,4,NEW ZEALAND,DELIVERED
10452,Oscar Johnson,March 6 2026,593.84,2,GB,cancelled   
10453,chloe white,February 9 2026,1101.35,,Australia,SHIPPED
10454,,03/11/2026,"$1,420.35",,US,shipped
10455,Chloe Walker,March 3 2026,$491.89,5,US,shipped
10456,,,120.31,,usa,pending
10457,Mia Anderson,01/12/2026,752.33,2,NEW ZEALAND,pending
10458,FATIMA lopez,01-06-2026,32.45,1,australia,shipped   
10459,Samuel Tanaka,,540.52,2,United States,Shipped
10460,Mei Khan,,387.39,1,AUSTRALIA,Cancelled
10461,EMMA WALKER,02/06/2026,116.57,6,aus,Delivered
10462,Mei Chen,March 4 2026,"$1,382.19",6,United Kingdom,PENDING
10463,WEI WHITE,2026-01-10,1610.23,1,usa,DELIVERED
10464,SOPHIA LOPEZ,,69.46,2,Australia,delivered
10465,LIAM TAYLOR,03/01/2026,702.55,3,Great Britain,DELIVERED
10466,Hiroshi Williams,01/04/2026,1753.76,1,usa,shipped
10467,WILLIAM TAYLOR,January 2 2026,1930.21,3,NZ,delivered
10468,LUCIA LARSEN,February 6 2026,869.55,5,US,pending
10469,MOHAMMED rossi,02/06/2026,TBC,,AUS,Shipped
10470,MIA PATEL,03/11/2026,-229.84,1,INDIA,Shipped
