order_id,customer_name,order_date,total_amount,quantity,country,status,discount_code
10001,,1773014400,$ 1297.92,1,India,PENDING,SPRING10
10002,james silva,1772928000,"$1,361.98",2,U.S.,Shipped,
10003,ZOE smith,1772755200,733.45,4,AUS,pending,WELCOME5
10004,Amelia Rossi,1768003200,456.80,two,NEW ZEALAND,cancelled,WELCOME5
10005,Yuki Ali,1770595200,"$1,601.61",five,uk,Pending,
10006,Harper Singh,1772928000,1617.84 USD,5,UK,shipped,
10007,RUBY novak,1770336000,-202.36,6,New Zealand,shipped,VIP20
10008,WEI WILSON,1767657600,1332.52,5,NZ,cancelled,WELCOME5
10009,Mohammed Thompson,1767916800,free,4,AUS,xyz,SPRING10
10010,Lucia Kim,1772496000,$316.24,,australia,delivered,SPRING10
10011,HENRY CHEN,1773187200,1756.86,-1,United Kingdom,Shipped,
10012,   Isla Martin  ,1770508800,$ 1998.49,1.5,Australia,shipped,SPRING10
10013,SAMUEL ROSSI,1772496000,1922.79,1.5,nz,shipped,
10014,   Leo Brown  ,1770076800,221.01,1,nz,DELIVERED,FREESHIP
10015,Leo Patel,1767225600,201.94,1,AUS,shipped,SPRING10
10016,SOPHIA ali,1770595200,1365.99,3,usa,Cancelled,WELCOME5
10017,Arjun Nguyen,,1446.14 USD,1,aus,Shipped,VIP20
10018,Oscar Murphy,1767398400,1090.42,,GB,DELIVERED,FREESHIP
10019,ISLA TANAKA,1768089600,1733.59,5,NZ,shipped,VIP20
10019,ISLA TANAKA,1768089600,1733.59,5,NZ,shipped,VIP20
10020,   Yuki Khan  ,1770163200,1127.56,3,AUSTRALIA,shipped   ,
10021,WEI SILVA,1773273600,822.57,1,Great Britain,Shipped,SPRING10
10021,WEI SILVA,1773273600,563.10,1,Great Britain,delivered,SPRING10
10022,hiroshi tanaka,1773187200,1326.92,5,AUS,shipped,
10023,Hiroshi Nguyen,1773187200,28.80,5,Great Britain,CANCELLED,
10024,DANIEL ALI,1773187200,1535.96,3,australia,Shipped,
10025,ETHAN LARSEN,1769990400,1115.63,two,NZ,DELIVERED,WELCOME5
10026,Ella Anderson,1770854400,"$1,317.53",4,usa,shipped,SPRING10
10027,RUBY ANDERSON,1767657600,$540.25,4.0,aus,DELIVERED,VIP20
10028,   Mohammed Anderson  ,1768089600,1536.64,4,IN,PENDING,
10029,Arjun Kim,,835.10,4,NEW ZEALAND,delivered,
10030,Ella Khan,1767916800,"$1,540.19",one,AUS,cancelled,
10031,ella kelly,1772582400,1976.91,4,uk,shipped,FREESHIP
10032,Lucia Nguyen,,1029.46,6,U.S.,SHIPPED,SPRING10
10033,Priya Ali,1770336000,370.51,5,,SHIPPED,WELCOME5
10034,Amelia Wilson,1772582400,1585.45,3,NZ,delivered,FREESHIP
10035,emma rossi,1772323200,567.93,0,india,shipped,WELCOME5
10036,OLIVIA WHITE,1767916800,734.67,5,AUSTRALIA,delivered,
10037,OLIVIA TAYLOR,1772582400,"$1,739.49",1.0,usa,delivered,
10038,CARLOS LARSEN,,968.80,2,UK,shipped,
10039,   Mei Thompson  ,1767830400,1046.82,3,nz,delivered,SPRING10
10040,,,TBC,1,New Zealand,SHIPPED,
10041,   Olivia Brown  ,1769990400,344.67,3,aus,SHIPPED,VIP20
10042,Chloe Thompson,1767916800,$ 1723.76,3,US,Delivered,WELCOME5
10043,lucia rossi,1767571200,489.66,-3,AU,pending,SPRING10
10044,Yuki Rossi,1767312000,"$1,612.34",4,United States,SHIPPED,SPRING10
10045,Ella Ali,1767657600,,-3,United States,CANCELLED,
10046,   Grace Smith  ,1770681600,1296.24,4,IN,shipped,
10047,CHLOE JONES,1767744000,$777.82,1,United States,Delivered,WELCOME5
10048,AMELIA MURPHY,1767830400,-1742.44,2,GB,shipped,
10048,AMELIA MURPHY,1767830400,-1742.44,2,GB,shipped,
10049,OLIVIA LOPEZ,1770163200,240.01,,IN,delivered,
10050,ETHAN MURPHY,,1909.46 USD,,usa,shipped,SPRING10
10051,Sophia Brown,1767657600,$ 893.25,1,nz,cancelled,WELCOME5
10052,Ella Smith,1767484800,1977.96,3.0,uk,PENDING,WELCOME5
10053,SAMUEL THOMPSON,,701.79,4,AUSTRALIA,delivered,WELCOME5
10054,   Zoe Kelly  ,1768003200,1032.54,5,AUS,delivered,
10055,Mohammed Wang,1770422400,$ 1249.40,,NEW ZEALAND,??,SPRING10
10055,Mohammed Wang,1770422400,$ 1249.40,,NEW ZEALAND,??,SPRING10
10056,   Daniel Nguyen  ,1769904000,"$1,095.24",one,Australia,SHIPPED,FREESHIP
10057,Arjun Ali,1767830400,1258.41,0,uk,xyz,WELCOME5
10058,fatima murphy,1767312000,TBC,4,U.S.,cancelled,
10059,wei taylor,1767398400,1208.99,3,australia,Pending,FREESHIP
10060,zoe johnson,1773100800,1052.27 USD,5,U.S.,Shipped,
10061,Sophia Cohen,1772582400,13.85,2,United Kingdom,shipped,FREESHIP
10062,CARLOS kim,1770681600,$761.04,1,nz,shipped,
10063,Arjun Patel,,$607.06,6,australia,shipped,
10064,Jack Brown,,241.93,1,INDIA,pending   ,WELCOME5
10065,CARLOS NGUYEN,1767744000,$ 630.15,3,UK,cancelled,FREESHIP
10066,William Rossi,1767744000,$391.47,6,USA,Delivered,FREESHIP
10067,JAMES WALKER,1773187200,194.5,5,AU,SHIPPED,WELCOME5
10068,LEO ali,1767744000,510.24,6,U.S.,SHIPPED,FREESHIP
10069,Oscar Kelly,1770508800,1273.93,0,india,SHIPPED,
10069,Oscar Kelly,1770508800,962.28,0,india,delivered,
10070,   Zoe Wilson  ,1772323200,"$1,852.67",3,NEW ZEALAND,shipped,VIP20
10071,Arjun Tanaka,1773100800,445.57,3,nz,delivered,VIP20
10072,Olivia Patel,1770768000,$ 114.10,5,aus,SHIPPED,
10073,Grace Singh,1772323200,251.30,6,india,Delivered,WELCOME5
10074,Fatima Nguyen,1767744000,758.05,3,INDIA,delivered,VIP20
10075,RUBY taylor,1767830400,359.86 USD,6,New Zealand,Cancelled,
10076,Noah Murphy,1770595200,"$1,027.07",six,AUS,shipped,
10077,THOMAS LARSEN,1768003200,1860.97,4.0,,Cancelled,WELCOME5
10078,Mei Thompson,,25.15,,australia,shipped,FREESHIP
10079,Emma Nguyen,1772496000,$990.57,2,AUSTRALIA,Delivered,
10080,Zoe Thompson,1767657600,,0,AU,shipped,SPRING10
10081,HARPER brown,1770336000,$364.79,five,AUS,shipped,WELCOME5
10082,Lucas Nguyen,1773014400,144.41 USD,two,australia,shipped,
10083,Harper Larsen,1768089600,$ 811.20,3,australia,DELIVERED,WELCOME5
10084,Lucia Nguyen,1770595200,1452.48,2.0,AU,delivered,WELCOME5
10085,Olivia Ali,1772496000,$39.52,6,india,cancelled,FREESHIP
10086,MEI JONES,1769904000,1755.28,6,AU,CANCELLED,
10087,Isla Thompson,1772755200,1778.50 USD,4,Great Britain,shipped   ,
10087,Isla Thompson,1772755200,1778.50 USD,4,Great Britain,shipped   ,
10088,William Nguyen,1772755200,$ 809.07,4,AU,shipped,FREESHIP
10089,PRIYA cohen,1769904000,140.80,6,U.S.A.,SHIPPED,
10090,   Chloe Lopez  ,1769990400,$ 841.30,5,United States,DELIVERED,
10091,Isla Walker,1767398400,$226.43,2.0,australia,CANCELLED,FREESHIP
10092,GRACE WANG,1770854400,1276.77,2,U.S.,unknown,
10093,THOMAS KHAN,1767657600,$616.80,2,AUSTRALIA,shipped,
10094,Carlos Thompson,1769904000,559.07,2.5,United States,shipped,
10094,Carlos Thompson,1769904000,290.99,2.5,United States,cancelled,
10095,   Fatima Martin  ,1772582400,$464.27,five,USA,Pending,FREESHIP
10096,LIAM novak,1767830400,$365.30,3,U.S.,shipped,
10097,MOHAMMED kelly,1770595200,$125.66,,USA,SHIPPED,
10098,SOPHIA SMITH,1768003200,1040.08 USD,4,usa,shipped,WELCOME5
10099,amelia martin,1770076800,1978.53,five,aus,Delivered,VIP20
10100,Grace Brown,1770854400,954.35,4,U.S.,shipped,SPRING10
10101,Jack Lopez,1770076800,TBC,5,United States,PENDING,FREESHIP
10102,Sophia Taylor,1772668800,1489.36,4,AUS,DELIVERED,
10103,Harper Kim,1772582400,$ 944.40,4,,shipped,
10104,Mei Garcia,1770422400,$75.06,,USA,SHIPPED,WELCOME5
10105,SOPHIA SMITH,,1606.59,-1,NEW ZEALAND,SHIPPED,
10106,EMMA BROWN,1773273600,"$1,918.88",3,UK,cancelled,VIP20
10107,Lucas Walker,1770681600,1715.23,1,nz,DELIVERED,FREESHIP
10108,Zoe Taylor,1767830400,1256.12,2,GB,Delivered,
10109,Ruby Garcia,1772323200,1468.07,-1,usa,PENDING,VIP20
10110,Grace Martin,1768089600,$ 694.97,1,AUSTRALIA,DELIVERED,SPRING10
10111,Ava Larsen,1770163200,1389.72,4,AUS,delivered,
10112,amelia patel,1767484800,1306.01,six,AUSTRALIA,cancelled,
10113,YUKI murphy,1767916800,-130.40,2.5,IN,shipped,
10114,daniel silva,,$680.56,6,india,Pending,WELCOME5
10115,leo kim,1773100800,1924.38,6,AUS,delivered,FREESHIP
10116,Mohammed Chen,1767916800,"$1,096.95",4,US,shipped   ,
10117,HENRY WILSON,,1137.91 USD,4,AUS,shipped,SPRING10
10118,AVA SMITH,1767744000,1169.00,5,AUSTRALIA,Delivered,FREESHIP
10119,Sophia Brown,1770681600,424.38,6,US,SHIPPED,
10120,JACK MURPHY,1772928000,962.60,,AU,Delivered,FREESHIP
10121,SOPHIA WHITE,1767484800,680.20,1,INDIA,DELIVERED,WELCOME5
10122,hiroshi thompson,,948.04,2,U.S.,cancelled,WELCOME5
10123,   Chloe Walker  ,1773100800,"$1,841.82",2,USA,Shipped,
10123,   Chloe Walker  ,1773100800,1023.66,2,USA,cancelled,
10124,Olivia Cohen,1772323200,$911.70,-1,NZ,SHIPPED,
10125,Liam Wang,,350.58,2,U.S.,SHIPPED,
10126,PRIYA JOHNSON,1770249600,1123.12,2,NZ,shipped,WELCOME5
10127,SAMUEL WILLIAMS,1769904000,1519.26,2,GB,shipped,
10128,PRIYA KELLY,1768089600,$ 1610.69,5,aus,Delivered,SPRING10
10129,LIAM kelly,1772928000,$392.46,5,AU,shipped   ,
10130,GRACE BROWN,1767571200,1390.28,one,usa,delivered,SPRING10
10131,YUKI SINGH,1772755200,1325.40,2,IN,shipped,SPRING10
10132,ETHAN JONES,1772409600,455.34,1,USA,delivered,WELCOME5
10133,Chloe Chen,1770595200,free,1,usa,DELIVERED,VIP20
10134,ELLA JOHNSON,1770336000,540.71 USD,4,AUSTRALIA,Shipped,
10135,ZOE martin,1769990400,"$1,121.96",1,AUS,DELIVERED,SPRING10
10136,Daniel Chen,1767830400,1009.03,3,AU,cancelled,VIP20
10137,Lucas Walker,1770768000,652.11 USD,six,US,Shipped,SPRING10
10137,Lucas Walker,1770768000,652.11 USD,six,US,Shipped,SPRING10
10138,LUCIA nguyen,,1316.5,1.5,INDIA,delivered,WELCOME5
10139,Grace Rossi,1772928000,"$1,136.41",four,australia,Shipped,SPRING10
10140,Ella Taylor,1770681600,697.47,3,india,SHIPPED,
10141,Samuel Larsen,1770336000,TBC,1,Great Britain,pending,VIP20
10142,William Thompson,1768089600,277.79,4,GB,shipped,WELCOME5
10143,leo khan,1770076800,$274.68,6,AUS,SHIPPED,FREESHIP
10144,CARLOS WILSON,1767744000,1797.08,2,USA,pending,
10145,Priya Silva,1767571200,$962.17,4,USA,unknown,WELCOME5
10146,Ava Jones,1772409600,35.47,1,aus,CANCELLED,SPRING10
10147,Fatima Taylor,1773273600,$983.17,6,India,Shipped,FREESHIP
10148,Henry Nguyen,1770422400,"$1,618.74",1,Australia,shipped,WELCOME5
10149,oscar khan,,$272.31,one,USA,delivered,VIP20
10150,Ella Brown,1767571200,N/A,6,usa,PENDING,
10150,Ella Brown,1767571200,N/A,6,usa,PENDING,
10151,jack tanaka,1769990400,84.24,1,AUS,shipped,
10152,William Smith,1772582400,1791.93,-3,United States,pending,FREESHIP
10153,ava murphy,1767744000,-1024.36,-1,AU,delivered,SPRING10
10154,ELLA martin,1770336000,703.03,0,INDIA,PENDING,WELCOME5
10155,Noah Cohen,1772409600,"$1,187.21",,AUS,pending,WELCOME5
10156,olivia walker,1772582400,683.15,6.0,AU,DELIVERED,
10157,LIAM MURPHY,1770422400,,3,Australia,DELIVERED,
10158,Oscar Jones,1769904000,"$1,515.30",one,uk,DELIVERED,
10159,Jack White,,"$1,659.22",5,Australia,PENDING,SPRING10
10160,Ruby Kelly,1769904000,$ 1266.06,1,USA,delivered,VIP20
10161,wei novak,1772841600,1334.30 USD,6,usa,delivered,VIP20
10162,PRIYA SILVA,1770336000,1594.05,6,australia,shipped,
10163,LIAM CHEN,1770508800,$399.66,1.5,AUSTRALIA,Pending,SPRING10
10163,LIAM CHEN,1770508800,$399.66,1.5,AUSTRALIA,Pending,SPRING10
10164,Arjun Brown,1767398400,1760.71,five,GB,Delivered,VIP20
10165,Mohammed Wang,,$ 1930.28,6,,shipped,
10165,Mohammed Wang,,$ 1930.28,6,,shipped,
10166,AVA KELLY,1769904000,$ 453.35,6,Great Britain,Delivered,
10167,,1770336000,1586.65,3,US,pending,FREESHIP
10168,Noah Johnson,1767830400,"$1,078.27",6.0,US,pending,FREESHIP
10168,Noah Johnson,1767830400,740.95,6.0,US,delivered,FREESHIP
10169,amelia anderson,1768003200,$672.12,five,India,shipped   ,VIP20
10170,jack singh,1770336000,"$1,839.47",2.0,aus,Delivered,FREESHIP
10171,Mohammed Wilson,1767657600,$ 655.75,three,U.S.,Shipped,
10171,Mohammed Wilson,1767657600,$ 655.75,three,U.S.,Shipped,
10172,PRIYA MURPHY,1767830400,1821.41,1,australia,shipped,SPRING10
10173,Zoe Brown,1770163200,$ 1290.26,three,usa,SHIPPED,
10173,Zoe Brown,1770163200,$ 1290.26,three,usa,SHIPPED,
10174,James Anderson,1772496000,"$1,805.81",,United States,SHIPPED,
10175,Emma Anderson,1770249600,597.50,6,INDIA,Shipped,
10176,Priya Johnson,1767398400,687.36 USD,3,AUS,SHIPPED,
10177,MOHAMMED tanaka,1770681600,1261.90,1,GB,SHIPPED,SPRING10
10178,sophia tanaka,1772841600,1980.59,3,india,Delivered,WELCOME5
10179,HARPER kim,1769990400,90.9,6,USA,delivered,WELCOME5
10180,WILLIAM NGUYEN,1767830400,$ 1049.15,3,,SHIPPED,FREESHIP
10181,Leo Novak,1772841600,"$1,487.23",6,aus,PENDING,
10182,Sophia Garcia,1767484800,"$1,479.39",2,U.S.A.,shipped,SPRING10
10183,LIAM JOHNSON,1772841600,$536.22,6,US,shipped,
10184,Sophia Brown,1767312000,"$1,004.82",1,NZ,DELIVERED,
10185,Grace Martin,1772496000,1757.41,1,Australia,PENDING,SPRING10
10186,Ethan Kim,1767744000,358.67,1,australia,DELIVERED,WELCOME5
10187,Emma Wang,1767830400,458.37,4,AUSTRALIA,delivered   ,VIP20
10188,mia kelly,1768176000,1979.46,2.0,AUS,CANCELLED,
10189,sophia khan,1770768000,1930.53,2,U.S.,shipped,VIP20
10190,LUCAS WANG,1767830400,957.09 USD,1.5,U.S.A.,PENDING,SPRING10
10191,priya taylor,1768003200,$88.61,2,AU,shipped,WELCOME5
10192,Olivia Wang,1769990400,1875.66,3,india,CANCELLED,FREESHIP
10193,ava chen,1772668800,TBC,3,india,delivered,
10194,SOPHIA BROWN,1769904000,-1284.99,4.0,australia,shipped,WELCOME5
10195,NOAH PATEL,1770508800,"$1,949.21",2,AU,1,
10196,JAMES SILVA,1770076800,-1697.38,one,india,shipped,VIP20
10197,MIA larsen,1770768000,1458.64,2,india,cancelled,
10198,zoe taylor,1767830400,1707.80,6,india,cancelled,SPRING10
10199,Oscar Martin,1770595200,"$1,123.62",1.0,AUS,Shipped,
10200,ISLA KIM,1770854400,$451.89,1.0,AUSTRALIA,SHIPPED,
10201,olivia williams,1772582400,782.17,2,USA,PENDING,FREESHIP
10201,olivia williams,1772582400,782.17,2,USA,PENDING,FREESHIP
10202,   Henry Kelly  ,1772841600,"$1,590.60",0,aus,shipped,FREESHIP
10203,Jack Lopez,1770768000,,4,IN,shipped,
10204,leo cohen,1773014400,1251.66,six,IN,pending,
10205,ELLA KHAN,1770854400,$950.83,4,United Kingdom,delivered,VIP20
10206,yuki johnson,1772928000,1933.52,4,AUS,Delivered,
10207,JAMES MURPHY,1770163200,1694.31,2.0,U.S.,shipped,FREESHIP
10208,Priya Nguyen,1770595200,1307.39,5,US,delivered,SPRING10
10209,Lucas Silva,,1718.02,2,GB,CANCELLED,
10210,Ava Silva,1767484800,941.32,5,United States,pending,VIP20
10211,Mohammed Wang,,$ 1813.04,6,india,SHIPPED,
10212,HARPER WHITE,1773014400,530.01,2.0,US,Shipped,
10213,Harper Garcia,1769904000,$ 387.11,-1,uk,delivered,
10214,MIA TANAKA,1770768000,"$1,270.34",3,UK,Shipped,
10215,william walker,1770422400,"$1,030.42",2,US,Delivered,VIP20
10216,THOMAS NOVAK,1768176000,1904.85,4,AUSTRALIA,SHIPPED,VIP20
10217,lucia patel,1770854400,"$1,342.07",6,AU,shipped,FREESHIP
10218,samuel johnson,1772841600,$607.87,6,nz,delivered,FREESHIP
10219,HARPER ALI,1767398400,"$1,884.36",4,australia,Shipped,FREESHIP
10220,HARPER SINGH,1772755200,250.46 USD,1,U.S.A.,delivered   ,
10221,SAMUEL MURPHY,1767657600,62.38 USD,-3,US,Pending,
10222,Wei Anderson,1773100800,1835.05 USD,2,nz,??,
10223,Wei Patel,1772928000,,5,U.S.A.,DELIVERED,
10224,CARLOS CHEN,1770595200,898.10,-1,Great Britain,shipped,WELCOME5
10225,AVA LOPEZ,1768176000,-367.11,5,USA,shipped,
10226,Emma Jones,1770422400,N/A,six,AUS,pending,WELCOME5
10227,Carlos Silva,1769904000,948.18 USD,1,US,DELIVERED,
10228,   Yuki Larsen  ,1767312000,$396.06,1.0,aus,cancelled   ,
10229,Lucia Thompson,1772668800,232.46,one,India,shipped,SPRING10
10230,Priya Smith,1772928000,"$1,977.25",4,Australia,shipped,SPRING10
10230,Priya Smith,1772928000,998.58,4,Australia,pending,SPRING10
10231,,1767225600,,2,usa,DELIVERED,SPRING10
10232,CHLOE SINGH,1773014400,1284.70 USD,3,Australia,shipped,VIP20
10233,ARJUN WILLIAMS,1770768000,113.19,two,United States,shipped,VIP20
10234,WEI JOHNSON,1772323200,"$1,882.45",2,U.S.A.,delivered,FREESHIP
10235,ella jones,1770681600,"$1,862.39",3,INDIA,delivered,
10235,ella jones,1770681600,"$1,862.39",3,INDIA,delivered,
10236,Harper Ali,1770249600,1474.30,1,NEW ZEALAND,DELIVERED,SPRING10
10237,,1767484800,"$1,086.80",4,IN,cancelled,
10238,EMMA THOMPSON,1767225600,abc,3.0,AU,shipped,
10239,ISLA WILLIAMS,1767225600,1063.30,6,nz,shipped,FREESHIP
10240,Liam Brown,1772928000,1088.62,,U.S.,SHIPPED,VIP20
10241,ELLA kelly,1773100800,"$1,023.12",four,IN,delivered,WELCOME5
10242,olivia jones,1770681600,$293.77,3,U.S.A.,xyz,WELCOME5
10243,CHLOE CHEN,1767225600,$370.02,6,uk,shipped   ,WELCOME5
10244,THOMAS KELLY,1767744000,42.86,1,australia,DELIVERED,SPRING10
10245,amelia johnson,1773100800,$ 597.07,3,NZ,Shipped,FREESHIP
10246,yuki ali,1773187200,218.49,1,GB,delivered,
10246,yuki ali,1773187200,165.47,1,GB,shipped,
10247,Isla Larsen,1767657600,$279.30,6,AUS,Pending,
10248,Wei Smith,1770249600,1944.37,two,AUSTRALIA,shipped,
10249,LUCIA GARCIA,1770768000,$487.24,5,GB,Shipped,WELCOME5
10250,WILLIAM anderson,1773014400,1782.42,4,uk,Shipped,
10251,Daniel Jones,1767312000,$382.81,5,NEW ZEALAND,shipped,FREESHIP
10252,lucia ali,1772409600,691.03 USD,2,AUS,shipped   ,WELCOME5
10253,lucia taylor,1767916800,$ 1757.74,3,AUSTRALIA,delivered,
10254,emma murphy,1770768000,"$1,434.44",2,Australia,pending,WELCOME5
10255,Chloe White,1773014400,$ 648.98,6,UK,delivered,WELCOME5
10256,harper lopez,1773273600,552.02,6,US,pending,
10257,ruby rossi,1772841600,"$1,147.97",6,United States,shipped,
10258,,1767484800,$ 1261.04,1,india,delivered,FREESHIP
10259,Sophia Nguyen,1769904000,-1540.38,4,United Kingdom,shipped,
10260,Mia Anderson,1773273600,274.26,4,nz,delivered,
10261,SOPHIA LOPEZ,1767657600,1890.56,three,United States,shipped,FREESHIP
10261,SOPHIA LOPEZ,1767657600,1890.56,three,United States,shipped,FREESHIP
10262,Isla Chen,1767830400,-1320.33,3,IN,delivered,VIP20
10263,JACK KELLY,1772409600,861.53,2.0,USA,SHIPPED,
10264,   Arjun Martin  ,1767830400,1458.79,3,australia,shipped,
10265,Jack Taylor,1772409600,120.92 USD,6,uk,cancelled,SPRING10
10266,OLIVIA SMITH,1767571200,,six,U.S.A.,DELIVERED,
10267,AVA GARCIA,1770163200,$358.43,2.0,NEW ZEALAND,SHIPPED,VIP20
10268,William Murphy,1772928000,$ 54.06,6,Australia,delivered,WELCOME5
10269,Harper Wilson,1767398400,810.46,3.0,australia,shipped,SPRING10
10269,Harper Wilson,1767398400,810.46,3.0,australia,shipped,SPRING10
10270,MEI TANAKA,1773100800,"$1,497.01",3,AUSTRALIA,shipped,
10271,Sophia Singh,1768003200,793.01,4,India,Delivered,FREESHIP
10272,zoe garcia,1773100800,1081.28,1,INDIA,shipped,
10273,Carlos Williams,1768003200,1359.08,6,AUS,shipped,FREESHIP
10274,RUBY NGUYEN,1768003200,936.91,0,uk,SHIPPED,
10275,emma rossi,1770163200,"$1,644.27",6,United States,delivered,FREESHIP
10276,WILLIAM PATEL,1770768000,1438.74,6.0,India,shipped,FREESHIP
10277,ella murphy,,free,1.5,,CANCELLED,
10278,EMMA WILSON,1767571200,abc,3,AU,delivered,SPRING10
10279,Ava Chen,1770076800,,,Australia,Shipped,VIP20
10280,Oscar Nguyen,1769904000,$ 1751.79,6,AU,delivered,SPRING10
10281,sophia chen,,846.58,6,U.S.,pending,
10282,HENRY CHEN,1769990400,"$1,944.02",3,U.S.A.,PENDING,WELCOME5
10283,yuki smith,1767484800,"$1,487.46",five,aus,PENDING,FREESHIP
10284,ARJUN kim,1772496000,"$1,394.32",five,UK,xyz,
10285,liam johnson,1772409600,"$1,797.43",5,,shipped   ,
10286,EMMA wang,,463.74,4,New Zealand,shipped,
10287,AMELIA WALKER,1767398400,1720.17,,NZ,delivered,SPRING10
10288,OLIVIA singh,1770422400,1394.46,,AUS,delivered,SPRING10
10289,JAMES wilson,1768176000,830.07 USD,2,Australia,delivered,
10290,chloe taylor,1767657600,$ 1723.92,5,AU,SHIPPED,
10291,Carlos White,1767657600,1656.64,3,AUS,SHIPPED,VIP20
10291,Carlos White,1767657600,1656.64,3,AUS,SHIPPED,VIP20
10292,,1767657600,$ 175.94,4,IN,PENDING,SPRING10
10293,THOMAS BROWN,1770163200,$ 1265.80,2,nz,SHIPPED,
10294,Grace Chen,1768176000,1687.98,1,US,delivered,FREESHIP
10295,Hiroshi Rossi,1773273600,"$1,606.93",6,AUSTRALIA,shipped,FREESHIP
10296,Jack Patel,1768089600,1765.03,,GB,SHIPPED,
10297,Wei Murphy,1773100800,$39.21,0,india,shipped,VIP20
10298,Mia Silva,1767657600,1385.19,5,usa,SHIPPED,
10299,Thomas Cohen,1767398400,$ 975.34,2,AUSTRALIA,delivered,FREESHIP
10300,GRACE cohen,1768089600,"$1,359.52",1,australia,shipped,SPRING10
10301,leo brown,1770336000,836.05,6,australia,delivered,FREESHIP
10301,leo brown,1770336000,598.09,6,australia,shipped,FREESHIP
10302,WILLIAM rossi,1773014400,"$1,231.46",6,US,shipped,
10303,LIAM williams,1770422400,-1412.78,four,AUS,Delivered,
10304,ISLA JOHNSON,1772409600,1880.51,1,usa,cancelled,FREESHIP
10305,Liam Singh,1767916800,"$1,409.89",6,aus,shipped,FREESHIP
10306,Zoe Garcia,1767916800,"$1,088.66",4,AUSTRALIA,shipped,
10307,OSCAR WANG,1770249600,$ 1666.55,1,,pending,FREESHIP
10308,Ethan Thompson,1772496000,1139.61,1,US,CANCELLED,FREESHIP
10309,Carlos Novak,1769990400,141.21 USD,5,United Kingdom,xyz,
10310,daniel singh,1768089600,$567.07,-1,aus,delivered,
10311,,1767398400,1791.86,2,australia,PENDING,FREESHIP
10312,Fatima Williams,1770163200,1462.96 USD,5,UK,SHIPPED,
10313,,1767312000,724.19,1.0,usa,shipped   ,
10314,JAMES ANDERSON,1770681600,855.22,5,australia,xyz,
10315,   William Jones  ,1773100800,1045.60,3,IN,delivered   ,
10316,EMMA THOMPSON,,1816.66,5,Great Britain,shipped,
10317,Zoe Anderson,1770768000,312.42,4,uk,Pending,
10318,AVA NOVAK,,"$1,138.71",4.0,Australia,shipped,SPRING10
10319,Wei Brown,1767744000,"$1,691.68",three,GB,delivered   ,VIP20
10320,FATIMA TANAKA,1769904000,420.3,5.0,US,cancelled,SPRING10
10321,Fatima Johnson,1773187200,195.21,6,United Kingdom,shipped,
10322,   Fatima Tanaka  ,1772323200,469.66,2,New Zealand,Delivered,SPRING10
10323,Noah Wilson,1767571200,$966.77,two,INDIA,SHIPPED,FREESHIP
10324,CARLOS BROWN,1770854400,427.04,4,usa,pending,
10325,LUCAS COHEN,1770076800,"$1,472.77",5,U.S.A.,shipped   ,
10326,WEI BROWN,1772496000,"$1,698.12",6,UK,shipped,VIP20
10327,Daniel Novak,1769904000,1959.27,6,AU,DELIVERED,
10328,chloe williams,,1279.81,3,U.S.,shipped,WELCOME5
10329,Ella Novak,1767225600,1561.93,six,USA,cancelled,
10330,Hiroshi Jones,1769990400,$207.82,6,Australia,delivered,SPRING10
10331,Amelia Khan,1772841600,1898.85,4,india,shipped,
10332,Jack Singh,,625.35,2,GB,DELIVERED,WELCOME5
10333,WEI NGUYEN,1772755200,$913.62,2,United States,Shipped,
10334,EMMA tanaka,1767225600,680.68,3,aus,Cancelled,FREESHIP
10335,carlos smith,1767916800,1205.45,,AUSTRALIA,shipped,
10336,Lucas Williams,1767916800,$ 602.84,6.0,usa,delivered,VIP20
10337,Harper Tanaka,1767657600,"$1,086.12",3,AUSTRALIA,cancelled   ,
10338,SAMUEL JONES,,1693.90 USD,6,GB,PENDING,
10339,MEI THOMPSON,1772496000,1649.03,6,IN,pending,VIP20
10339,MEI THOMPSON,1772496000,1649.03,6,IN,pending,VIP20
10340,wei wilson,1769904000,$138.23,5,INDIA,Shipped,WELCOME5
10341,carlos larsen,1773100800,N/A,3.0,USA,SHIPPED,VIP20
10342,JACK THOMPSON,1770768000,1268.59 USD,1,AUSTRALIA,delivered,
10343,Lucia Johnson,1770768000,$ 286.15,4,AUSTRALIA,SHIPPED,WELCOME5
10344,WILLIAM COHEN,1767657600,TBC,4,United States,unknown,FREESHIP
10345,Leo Silva,1772323200,1804.13,,AU,delivered,VIP20
10346,Chloe Brown,1770422400,1052.46,-3,Great Britain,Delivered,
10347,ETHAN silva,1770422400,"$1,845.62",3.0,AUS,shipped,
10348,Yuki Williams,1770595200,1083.63,3,NEW ZEALAND,SHIPPED,
10349,NOAH PATEL,1772755200,1940.65,3,UK,Delivered,
10350,JAMES rossi,1770854400,-1742.16,4,UK,delivered,SPRING10
10351,MIA chen,1773187200,1894.64,5.0,india,shipped,VIP20
10352,Zoe Anderson,1772323200,479.50,2,AU,shipped,WELCOME5
10353,   Mia Khan  ,,343.84,3,U.S.A.,SHIPPED,VIP20
10354,Hiroshi White,1770681600,"$1,613.38",1,Australia,shipped,WELCOME5
10355,MEI PATEL,1773014400,"$1,550.13",1,NZ,delivered,
10356,zoe williams,1770854400,free,-1,australia,shipped,VIP20
10357,SAMUEL patel,1767657600,767.81,6,nz,SHIPPED,VIP20
10358,,1770768000,"$1,173.91",1,Australia,cancelled,
10358,,1770768000,853.54,1,Australia,pending,
10359,AVA BROWN,1772409600,769.02,3,AU,delivered,
10360,james nguyen,1772496000,TBC,6.0,GB,PENDING,VIP20
10361,Chloe Ali,1767657600,N/A,two,,CANCELLED,
10362,Mei Johnson,1769904000,$767.48,2.5,australia,shipped,FREESHIP
10363,Hiroshi Tanaka,1773014400,,5,AU,DELIVERED,SPRING10
10364,olivia williams,,370.80,6,USA,Delivered,WELCOME5
10365,thomas walker,1770508800,1674.94 USD,1,U.S.A.,??,
10366,Leo Wang,1768176000,$223.21,0,uk,DELIVERED,VIP20
10367,ELLA WALKER,1770336000,1070.51,4,NEW ZEALAND,shipped,
10368,Ruby Cohen,1770163200,1006.10,6,UK,delivered   ,
10369,mia tanaka,1767571200,105.16 USD,5,australia,xyz,
10369,mia tanaka,1767571200,88.31,5,australia,shipped,
10370,DANIEL COHEN,1770595200,1827.07,5,AUSTRALIA,cancelled,VIP20
10371,ETHAN KHAN,1768003200,"$1,490.63",,Australia,xyz,
10372,Hiroshi Larsen,1770595200,451.85,6,Australia,shipped,SPRING10
10373,MOHAMMED KIM,1770422400,1320.89 USD,6,U.S.A.,shipped,FREESHIP
10374,Lucas Tanaka,1772409600,,0,United States,delivered,FREESHIP
10375,oscar johnson,1770336000,701.05,6,Australia,pending,
10376,NOAH THOMPSON,1772323200,$ 1919.91,5,IN,Shipped,FREESHIP
10377,MEI lopez,1767744000,"$1,670.04",1.0,,shipped,
10378,ETHAN TAYLOR,1769904000,371.46,4,nz,shipped,FREESHIP
10379,Amelia Garcia,,1742.57 USD,3,NZ,Delivered,FREESHIP
10380,THOMAS MURPHY,1767744000,32.46 USD,3.0,nz,Delivered,WELCOME5
10381,LEO SILVA,1767657600,1253.58,5,U.S.,shipped,FREESHIP
10382,Amelia Johnson,1773273600,779.08 USD,2,australia,pending,FREESHIP
10383,harper anderson,1770768000,223.77,3,usa,Delivered,FREESHIP
10384,Ethan Garcia,1772323200,1860.64,six,U.S.,DELIVERED,WELCOME5
10385,arjun wang,1772668800,$ 85.51,1,U.S.A.,delivered,WELCOME5
10386,MEI garcia,1767830400,686.42,6,India,shipped,
10387,JACK COHEN,1770163200,569.21,2,GB,shipped,
10388,WILLIAM ALI,1772841600,-128.44,5,US,pending,
10389,LIAM TAYLOR,1772841600,591.24,1,nz,DELIVERED,VIP20
10390,Sophia Rossi,1773273600,490.02,6,usa,delivered,VIP20
10391,Jack Nguyen,1772928000,abc,3,aus,Delivered,SPRING10
10392,Jack Jones,1770422400,535.75,2,NEW ZEALAND,Shipped,SPRING10
10393,Mei Larsen,1773100800,$ 1100.06,2,usa,Shipped,SPRING10
10394,ELLA thompson,1772668800,566.68,4,United Kingdom,delivered,
10395,HARPER BROWN,1768176000,1092.98,1,IN,SHIPPED,
10396,ethan patel,1767657600,1208.64,4,aus,unknown,
10397,   Liam Johnson  ,1767916800,$958.90,6,U.S.,shipped,SPRING10
10398,MOHAMMED SINGH,1772668800,1803.80,two,nz,shipped,FREESHIP
10399,AMELIA taylor,1767312000,"$1,648.55",6,NEW ZEALAND,Delivered,VIP20
10400,JACK WILSON,1770249600,97.24,1,GB,Pending,
10401,Fatima White,1770768000,"$1,467.74",4.0,AUSTRALIA,shipped,VIP20
10402,mohammed chen,1768089600,387.53,-1,USA,SHIPPED,SPRING10
10403,OLIVIA WILSON,1770249600,$693.71,,india,DELIVERED,
10404,FATIMA PATEL,1770249600,"$1,086.74",4,INDIA,shipped,
10405,YUKI TANAKA,1767484800,,5,NZ,shipped,VIP20
10406,Henry Jones,1770249600,"$1,925.64",6,U.S.A.,shipped,WELCOME5
10407,Ruby Lopez,1773273600,"$1,717.66",4,Australia,shipped   ,SPRING10
10408,mia novak,,1259.48,-1,US,shipped,
10409,Ava Anderson,1770854400,$ 245.06,2,GB,cancelled,
10410,Lucia Khan,1767398400,$ 1498.77,1,australia,shipped,SPRING10
10411,Fatima Anderson,1770249600,1772.04,3,nz,shipped,SPRING10
10412,LIAM PATEL,,64.37,-3,india,PENDING,SPRING10
10413,,,1363.97,-1,GB,DELIVERED,
10413,,,1363.97,-1,GB,DELIVERED,
10414,WILLIAM MARTIN,1770508800,"$1,460.13",1.0,nz,shipped,SPRING10
10415,Ruby Nguyen,1769990400,$696.58,6,USA,cancelled   ,VIP20
10416,   Grace Brown  ,1773014400,699.38,two,United States,shipped,
10417,Zoe Wang,1768089600,"$1,402.73",5,aus,shipped,
10418,,1767398400,468.45,3,aus,delivered,
10419,Olivia Martin,1770076800,1271.82,3,india,SHIPPED,SPRING10
10420,Thomas Taylor,1767830400,816.58,1,NEW ZEALAND,shipped,WELCOME5
10421,   Oscar Singh  ,1768003200,127.46,3,U.S.,CANCELLED,VIP20
10422,THOMAS COHEN,1770768000,"$1,370.03",three,United Kingdom,delivered,
10423,SAMUEL MURPHY,1770422400,163.14,,U.S.,delivered,FREESHIP
10424,ELLA KIM,1767312000,218.86 USD,2,U.S.A.,delivered,
10425,   James Cohen  ,1773100800,"$1,984.09",-3,AUSTRALIA,unknown,
10426,daniel singh,1767225600,$ 1345.17,4,AUS,delivered,
10427,Lucas Nguyen,1767225600,$695.67,1.5,NEW ZEALAND,shipped,
10428,Liam Khan,1768003200,617.90,five,U.S.,delivered,SPRING10
10429,FATIMA LARSEN,,1333.77 USD,5,IN,Shipped,VIP20
10430,isla kelly,1768176000,1502.11,6,AUS,Pending,FREESHIP
10431,LUCIA GARCIA,1772323200,941.91,5,australia,Pending,
10432,Sophia Murphy,1772496000,1277.39,3,aus,PENDING,VIP20
10433,ZOE LARSEN,1767571200,1265.75,5,usa,shipped,VIP20
10434,Liam Jones,1770595200,$812.01,1,india,shipped,VIP20
10434,Liam Jones,1770595200,$812.01,1,india,shipped,VIP20
10435,ELLA LOPEZ,1773187200,"$1,490.01",4,,Delivered,
10436,OSCAR murphy,1768003200,384.61,4,australia,pending,WELCOME5
10437,Oscar Williams,,$ 857.40,3,Australia,PENDING,
10438,YUKI singh,1772928000,abc,five,Australia,Delivered,
10438,YUKI singh,1772928000,abc,five,Australia,Delivered,
10439,AMELIA WILSON,1769904000,-88.05,1,New Zealand,delivered,FREESHIP
10440,LIAM martin,1767312000,856.15,two,india,delivered,
10441,,1772928000,"$1,416.51",5,United Kingdom,Delivered,
10442,,1768176000,1668.31,1,United Kingdom,delivered,SPRING10
10443,Zoe Rossi,1767571200,$11.87,,aus,delivered,
10443,Zoe Rossi,1767571200,$11.87,,aus,delivered,
10444,Lucas Ali,1769990400,1125.48,3,U.S.A.,delivered,SPRING10
10445,harper johnson,1770854400,314.04 USD,six,New Zealand,Pending,FREESHIP
10446,Ethan Ali,1773100800,118.52,1,uk,delivered,SPRING10
10447,Liam Anderson,1770076800,"$1,041.39",1,U.S.A.,delivered,SPRING10
10448,William Novak,1770681600,1276.02 USD,3,Australia,delivered,
10449,CHLOE ROSSI,1767484800,$ 1274.49,5,IN,SHIPPED,VIP20
10450,sophia chen,1767484800,1622.74,3,aus,Cancelled,WELCOME5
10451,,1770076800,97.81,4,NEW ZEALAND,DELIVERED,
10452,Oscar Johnson,1772755200,593.84,2,GB,cancelled   ,SPRING10
10453,chloe white,1770595200,1101.35,,Australia,SHIPPED,
10454,,1773187200,"$1,420.35",,US,shipped,
10455,Chloe Walker,1772496000,$491.89,5,US,shipped,
10456,,,120.31,,usa,pending,
10457,Mia Anderson,1768176000,752.33,2,NEW ZEALAND,pending,
10458,FATIMA lopez,1767657600,32.45,1,australia,shipped   ,VIP20
10459,Samuel Tanaka,,540.52,2,United States,Shipped,
10460,Mei Khan,,387.39,1,AUSTRALIA,Cancelled,VIP20
10461,EMMA WALKER,1770336000,116.57,6,aus,Delivered,
10462,Mei Chen,1772582400,"$1,382.19",6,United Kingdom,PENDING,FREESHIP
10463,WEI WHITE,1768003200,1610.23,1,usa,DELIVERED,
10464,SOPHIA LOPEZ,,69.46,2,Australia,delivered,
10465,LIAM TAYLOR,1772323200,702.55,3,Great Britain,DELIVERED,
10466,Hiroshi Williams,1767484800,1753.76,1,usa,shipped,
10467,WILLIAM TAYLOR,1767312000,1930.21,3,NZ,delivered,WELCOME5
10468,LUCIA LARSEN,1770336000,869.55,5,US,pending,
10469,MOHAMMED rossi,1770336000,TBC,,AUS,Shipped,
10470,MIA PATEL,1773187200,-229.84,1,INDIA,Shipped,VIP20
